user_id,user_name,signup_date,referred_by
1,User_1,2025-12-28,
2,User_2,2026-01-14,
3,User_3,2025-11-18,
4,User_4,2025-12-29,
5,User_5,2025-11-09,
6,User_6,2025-10-18,
7,User_7,2025-10-23,
8,User_8,2026-01-12,7
9,User_9,2026-01-12,1
10,User_10,2026-01-23,3
11,User_11,2026-01-27,2
12,User_12,2025-10-28,
13,User_13,2025-12-13,
14,User_14,2025-10-20,
15,User_15,2025-10-18,
16,User_16,2025-11-14,
17,User_17,2025-10-23,
18,User_18,2025-12-09,
19,User_19,2025-11-28,
20,User_20,2026-01-08,6
21,User_21,2025-12-05,
22,User_22,2026-01-26,
23,User_23,2026-01-23,
24,User_24,2025-12-08,
25,User_25,2025-10-23,
26,User_26,2026-01-14,
27,User_27,2025-11-07,
28,User_28,2025-12-22,17
29,User_29,2025-10-29,15
30,User_30,2025-12-19,
31,User_31,2025-11-14,
32,User_32,2026-01-08,
33,User_33,2025-10-10,
34,User_34,2026-01-01,
35,User_35,2025-10-09,
36,User_36,2025-10-04,16
37,User_37,2026-01-11,
38,User_38,2025-10-23,
39,User_39,2025-11-22,37
40,User_40,2025-11-07,
41,User_41,2025-10-09,3
42,User_42,2025-12-20,
43,User_43,2025-11-24,
44,User_44,2025-11-11,
45,User_45,2026-01-07,27
46,User_46,2025-12-15,32
47,User_47,2026-01-10,
48,User_48,2026-01-20,
49,User_49,2025-11-09,
50,User_50,2025-12-15,
51,User_51,2026-01-22,43
52,User_52,2025-11-19,
53,User_53,2025-10-24,6
54,User_54,2025-10-06,
55,User_55,2026-01-05,
56,User_56,2026-01-08,
57,User_57,2025-12-05,51
58,User_58,2025-11-19,
59,User_59,2025-11-21,
60,User_60,2025-12-20,
61,User_61,2026-01-15,35
62,User_62,2025-11-03,
63,User_63,2025-10-03,
64,User_64,2025-11-19,
65,User_65,2026-01-01,
66,User_66,2025-10-16,21
67,User_67,2026-01-08,
68,User_68,2025-11-21,6
69,User_69,2025-12-18,67
70,User_70,2026-01-05,
71,User_71,2026-01-15,63
72,User_72,2026-01-27,
73,User_73,2026-01-19,
74,User_74,2025-12-02,
75,User_75,2025-10-30,51
76,User_76,2026-01-21,71
77,User_77,2025-11-28,
78,User_78,2025-12-14,
79,User_79,2025-10-30,42
80,User_80,2025-11-11,
81,User_81,2025-10-09,
82,User_82,2026-01-01,24
83,User_83,2025-10-10,
84,User_84,2026-01-20,
85,User_85,2025-12-03,
86,User_86,2025-10-17,56
87,User_87,2025-10-04,17
88,User_88,2026-01-02,
89,User_89,2025-12-12,
90,User_90,2025-11-15,
91,User_91,2025-12-14,
92,User_92,2025-12-26,
93,User_93,2025-10-30,
94,User_94,2025-11-02,
95,User_95,2025-11-14,
96,User_96,2026-01-17,
97,User_97,2026-01-01,
98,User_98,2025-12-06,
99,User_99,2025-12-04,
100,User_100,2025-12-25,93
101,User_101,2025-12-04,
102,User_102,2025-11-10,
103,User_103,2025-10-19,
104,User_104,2025-11-26,
105,User_105,2026-01-19,16
106,User_106,2025-12-11,
107,User_107,2025-10-06,
108,User_108,2025-11-20,
109,User_109,2025-10-12,
110,User_110,2025-12-13,84
111,User_111,2025-12-19,
112,User_112,2025-10-22,
113,User_113,2025-11-21,
114,User_114,2025-10-24,
115,User_115,2025-10-29,65
116,User_116,2025-10-28,
117,User_117,2025-12-25,60
118,User_118,2025-12-04,
119,User_119,2025-12-12,
120,User_120,2025-12-15,
121,User_121,2025-10-05,67
122,User_122,2025-10-15,
123,User_123,2025-12-02,
124,User_124,2026-01-20,
125,User_125,2025-10-21,
126,User_126,2025-10-06,
127,User_127,2025-12-26,21
128,User_128,2025-12-10,
129,User_129,2025-12-17,
130,User_130,2026-01-03,
131,User_131,2026-01-22,
132,User_132,2025-10-18,
133,User_133,2025-12-12,
134,User_134,2025-12-24,
135,User_135,2026-01-08,
136,User_136,2026-01-09,
137,User_137,2025-10-20,57
138,User_138,2025-12-01,
139,User_139,2025-11-02,
140,User_140,2025-11-13,
141,User_141,2025-10-29,
142,User_142,2025-12-22,28
143,User_143,2026-01-14,
144,User_144,2025-11-08,
145,User_145,2026-01-23,76
146,User_146,2025-12-07,
147,User_147,2026-01-18,
148,User_148,2025-12-11,
149,User_149,2025-11-11,
150,User_150,2026-01-19,
151,User_151,2025-10-10,
152,User_152,2025-12-31,
153,User_153,2025-12-18,
154,User_154,2025-10-03,
155,User_155,2026-01-29,
156,User_156,2025-12-08,
157,User_157,2025-11-19,
158,User_158,2026-01-05,
159,User_159,2025-11-24,
160,User_160,2025-12-30,143
161,User_161,2025-10-06,81
162,User_162,2025-10-31,
163,User_163,2026-01-25,31
164,User_164,2025-10-18,82
165,User_165,2025-12-07,147
166,User_166,2025-11-21,69
167,User_167,2025-12-19,119
168,User_168,2025-10-21,24
169,User_169,2025-11-17,
170,User_170,2025-10-10,
171,User_171,2025-12-02,
172,User_172,2025-10-25,
173,User_173,2025-12-27,
174,User_174,2025-10-30,
175,User_175,2026-01-29,
176,User_176,2026-01-21,28
177,User_177,2026-01-25,
178,User_178,2026-01-06,
179,User_179,2025-11-19,62
180,User_180,2025-12-28,
181,User_181,2025-11-20,
182,User_182,2025-11-15,
183,User_183,2025-11-05,
184,User_184,2026-01-16,
185,User_185,2025-11-11,
186,User_186,2025-12-17,
187,User_187,2025-12-15,
188,User_188,2026-01-02,73
189,User_189,2025-10-19,
190,User_190,2025-10-16,174
191,User_191,2025-10-06,
192,User_192,2025-12-03,
193,User_193,2025-11-14,187
194,User_194,2025-11-24,
195,User_195,2025-12-28,82
196,User_196,2025-10-24,
197,User_197,2025-11-27,
198,User_198,2025-10-25,
199,User_199,2025-12-09,
200,User_200,2025-12-23,
